pos, 0.9967271307306033, female(aceceliaannbirt)
pos, 0.9992324671978557, female(akarinthaler)
pos, 0.9309573683159563, female(abarbaratabita)
pos, 0.9999999999970448, female(asharonstone)
pos, 0.9876743642913002, female(akunkabaeva)
pos, 0.9967271307306033, female(aginachiarelli)
pos, 0.9309573683159563, female(apaolaciampi)
pos, 0.9876743642913002, female(avyarakovacheva)
pos, 0.9309573683159563, female(araffaeladavi)
pos, 0.9996748246434395, female(anevenakokanova)
pos, 0.9595402577331802, female(agabrieleferzetti)
pos, 0.9967271307306033, female(asamantharnier)
pos, 0.9935457367231283, female(afrancomirabella)
pos, 0.9967271307306033, female(acynthiastevenson)
pos, 0.9999979685196674, female(abradpitt)
pos, 0.9595402577331802, female(aradarassimov)
pos, 0.9967271307306033, female(adinamerrill)
pos, 0.9876743642913002, female(afranoisechristophe)
pos, 0.9772506727919367, female(aalicjajachiewicz)
pos, 0.9967271307306033, female(ajeannetripplehorn)
pos, 0.9309573683159563, female(aeddasabatini)
pos, 0.9967271307306033, female(abrigittefossey)
pos, 0.9967271307306033, female(aellenthomas)
pos, 0.9967271307306033, female(alorigalinski)
pos, 0.9967271307306033, female(acharlotterampling)
pos, 0.9876743642913002, female(arenateschroeter)
pos, 0.9309573683159563, female(amanueladolcemascolo)
pos, 0.9309573683159563, female(apetyasilyanova)
pos, 0.9967271307306033, female(achelcieross)
pos, 0.9309573683159563, female(aauroraquattrocchi)
pos, 0.9935457367231283, female(apieradegliesposti)
pos, 0.9967271307306033, female(asheilapaterson)
pos, 0.9876743642913002, female(agabriellelazure)
pos, 0.9967271307306033, female(abrnicebejo)
pos, 0.9967271307306033, female(ajorgerhernandez)
pos, 0.9967271307306033, female(ajuliedray)
pos, 0.9967271307306033, female(afrankpatton)
pos, 0.9967271307306033, female(agretascacchi)
pos, 0.9967271307306033, female(aestefanacastro)
pos, 0.9876743642913002, female(akonstanzebreitebner)
pos, 0.9967271307306033, female(aleilanisarelle)
pos, 0.9967271307306033, female(acarolflorence)
pos, 0.9876743642913002, female(arobyndouglass)
pos, 0.9992324671978557, female(amarisaburger)
pos, 0.9309573683159563, female(aserenaautieri)
pos, 0.9967271307306033, female(atimothypaulperez)
pos, 0.9967271307306033, female(awhoopigoldberg)
pos, 0.9999992788535843, female(aluciasardo)
pos, 0.9595402577331802, female(aannamariagherardi)
pos, 0.9967271307306033, female(atimberrington)
pos, 0.9876743642913002, female(amariashopova)
pos, 0.9967271307306033, female(aeddiejemison)
pos, 0.9309573683159563, female(aileanarigano)
pos, 0.9967271307306033, female(ajurneesmollett)
pos, 0.9967271307306033, female(aminianden)
pos, 0.9967271307306033, female(afloramontgomery)
pos, 0.9876743642913002, female(acoralyzahonero)
pos, 0.9595402577331802, female(adonatellafinocchiaro)
pos, 0.9967271307306033, female(aalexandrawinisky)
pos, 0.9967271307306033, female(aberniemac)
pos, 0.9967271307306033, female(aangelahall)
pos, 0.9992324671978557, female(amarenschumacher)
pos, 0.9309573683159563, female(aluciacammalleri)
pos, 0.9876743642913002, female(ajuttawachowiak)
pos, 0.9999979685196674, female(ajuliaroberts)
pos, 0.9876743642913002, female(adebraengle)
pos, 0.9967271307306033, female(aarmelledeutsch)
pos, 0.9876743642913002, female(afirminerichard)
pos, 0.9309573683159563, female(aemiliaradeva)
pos, 0.9935457367231283, female(aantoniettacarbonetti)
pos, 0.9999979685196674, female(ageorgeclooney)
pos, 0.9595402577331802, female(anicolegrimaudo)
pos, 0.9309573683159563, female(alaurabetti)
pos, 0.9876743642913002, female(acaitlinoheaney)
pos, 0.9309573683159563, female(apenlopecruz)
pos, 0.9967271307306033, female(apaullnolan)
pos, 0.9967271307306033, female(aleahayres)
pos, 0.9876743642913002, female(aclaudiamessner)
pos, 0.9999979685196674, female(ascottcaan)
pos, 0.9998256523443044, female(aangelinasarova)
pos, 0.9967271307306033, female(aelliottgould)
pos, 0.9999979685196674, female(acaseyaffleck)
pos, 0.9876743642913002, female(agesinecukrowski)
pos, 0.9309573683159563, female(asonyadjulgerova)
pos, 0.9967271307306033, female(adorothymalone)
pos, 0.9967271307306033, female(amarksangster)
pos, 0.9876743642913002, female(accilecassel)
pos, 0.9967271307306033, female(aannejacques)
pos, 0.9595402577331802, female(atizianalodato)
pos, 0.9967271307306033, female(acatherinezetajones)
pos, 0.9967271307306033, female(ajanchappell)
pos, 0.9967271307306033, female(amarkgantt)
pos, 0.9967271307306033, female(adinaconnolly)
pos, 0.9876743642913002, female(afrancishuster)
pos, 0.9876743642913002, female(atheresascholze)
neg, 0.04468346994743661, female(apunchevborislav)
neg, 0.9967271307306033, female(aconnorwiddows)
neg, 0.9595402577331802, female(acorradofortuna)
neg, 0.9935457367231283, female(agiancarloscuderi)
neg, 0.9935457367231283, female(amaurizionicolosi)
neg, 0.9309573683159563, female(astefanodionisi)
neg, 0.9876743642913002, female(astevekalfa)
neg, 0.04468346994743661, female(aapprederisfranck)
neg, 0.04468346994743661, female(aromeclaudemichel)
neg, 0.9992324671978557, female(ahubertmulzer)
neg, 0.04468346994743661, female(amarinovichanton)
neg, 0.9309573683159563, female(abiagiobarone)
neg, 0.9967271307306033, female(adavidthewlis)
neg, 0.9967271307306033, female(astancollymore)
neg, 0.9967271307306033, female(apierrearditi)
neg, 0.9967271307306033, female(alarrysontag)
neg, 0.04468346994743661, female(averhoevenpauli)
neg, 0.9967271307306033, female(avincentlecoeur)
neg, 0.9876743642913002, female(astefanpejchev)
neg, 0.9967271307306033, female(avincentdonofrio)
neg, 0.9772506727919367, female(ajannowicki)
neg, 0.04468346994743661, female(akronthalerthomas)
neg, 0.9967271307306033, female(adanielvonbargen)
neg, 0.9876743642913002, female(alloydalan)
neg, 0.04468346994743661, female(acatonjonesmichael)
neg, 0.9309573683159563, female(aivankondov)
neg, 0.9996748246434395, female(akostatsonev)
neg, 0.9967271307306033, female(arobertculp)
neg, 0.9967271307306033, female(asydneypollack)
neg, 0.9967271307306033, female(abruceayoung)
neg, 0.04468346994743661, female(asoderberghsteven)
neg, 0.04468346994743661, female(agrimaldiaurelioi)
neg, 0.9876743642913002, female(astevekuhn)
neg, 0.04468346994743661, female(atonetticlaudio)
neg, 0.9595402577331802, female(alucavitrano)
neg, 0.04468346994743661, female(abattiatofranco)
neg, 0.9309573683159563, female(aconsuelolupo)
neg, 0.04468346994743661, female(aengelhardtwilhelm)
neg, 0.9967271307306033, female(ahughdancy)
neg, 0.9935457367231283, female(amaurolenares)
neg, 0.04468346994743661, female(akrgnther)
neg, 0.9967271307306033, female(abenjaminmouton)
neg, 0.04468346994743661, female(akinkelmartin)
neg, 0.04468346994743661, female(avergnejeanpierre)
neg, 0.9935457367231283, female(asaromiano)
neg, 0.9967271307306033, female(ajamessikking)
neg, 0.9967271307306033, female(ajaimzwoolvett)
neg, 0.9967271307306033, female(anormanarmour)
neg, 0.9967271307306033, female(ahumecronyn)
neg, 0.04468346994743661, female(abonnetchristiani)
neg, 0.9967271307306033, female(abrionjames)
neg, 0.9309573683159563, female(amikhailmikhajlov)
neg, 0.9876743642913002, female(ageorgistamatov)
neg, 0.04468346994743661, female(abraunbettinai)
neg, 0.9309573683159563, female(adimitarhadzhiyanev)
neg, 0.9967271307306033, female(adannflorek)
neg, 0.9876743642913002, female(astefanpetrov)
neg, 0.9772506727919367, female(abogomilsimeonov)
neg, 0.9967271307306033, female(afredward)
neg, 0.9876743642913002, female(amarccaleb)
neg, 0.9967271307306033, female(anelsonpeltz)
neg, 0.9935457367231283, female(amarcocavicchioli)
neg, 0.04468346994743661, female(apakulaalanj)
neg, 0.9967271307306033, female(apetergallagher)
neg, 0.9876743642913002, female(amiguelferrer)
neg, 0.9876743642913002, female(adietermann)
neg, 0.9967271307306033, female(abillcable)
neg, 0.9967271307306033, female(asamshepard)
neg, 0.9967271307306033, female(aneilmaskell)
neg, 0.9967271307306033, female(adenisarndt)
neg, 0.9309573683159563, female(adanielegalea)
neg, 0.04468346994743661, female(agustemmanuelii)
neg, 0.9967271307306033, female(adidierdijoux)
neg, 0.9967271307306033, female(atonygoldwyn)
neg, 0.9309573683159563, female(atzenokandov)
neg, 0.9309573683159563, female(asavahashamov)
neg, 0.9967271307306033, female(aianholm)
neg, 0.9967271307306033, female(aandygarcia)
neg, 0.9967271307306033, female(aanthonyheald)
neg, 0.9967271307306033, female(astanleytucci)
neg, 0.9309573683159563, female(alyubomirbobchevski)
neg, 0.9772506727919367, female(aantonradichev)
neg, 0.9967271307306033, female(adavidmorrissey)
neg, 0.9967271307306033, female(aloccorbery)
neg, 0.9309573683159563, female(aviktordanchenko)
neg, 0.9772506727919367, female(amichalbajor)
neg, 0.9309573683159563, female(akirilyanev)
neg, 0.9967271307306033, female(apatricejuiff)
neg, 0.9876743642913002, female(aivanbratanov)
neg, 0.9309573683159563, female(aivangrigorov)
neg, 0.9967271307306033, female(amichaeldouglas)
neg, 0.9876743642913002, female(ajrggudzuhn)
neg, 0.9967271307306033, female(aheathcotewilliams)
neg, 0.9935457367231283, female(aenzodimartino)
neg, 0.9967271307306033, female(abenjohnson)
neg, 0.9967271307306033, female(afrankcturner)
neg, 0.9309573683159563, female(ahristodinev)
neg, 0.9772506727919367, female(alyubomirbachvarov)
neg, 0.9992324671978557, female(amaxmller)
neg, 0.9309573683159563, female(acarmelogalati)
neg, 0.9967271307306033, female(aguillaumeromain)
neg, 0.9967271307306033, female(aedkross)
neg, 0.9967271307306033, female(atimrobbins)
neg, 0.9772506727919367, female(asotirmaynolovski)
neg, 0.9967271307306033, female(adontiffany)
neg, 0.9876743642913002, female(aganchoganchev)
neg, 0.04468346994743661, female(atraykovatanas)
neg, 0.04468346994743661, female(asciveresmarianna)
neg, 0.9967271307306033, female(awilliamatherton)
neg, 0.9992324671978557, female(atommikulla)
neg, 0.9876743642913002, female(avolkerranisch)
neg, 0.04468346994743661, female(amillergeorgei)
neg, 0.9992324671978557, female(athomasstielner)
neg, 0.9309573683159563, female(acesareapolito)
neg, 0.9967271307306033, female(adavidsontag)
neg, 0.9967271307306033, female(arichardegrant)
neg, 0.9967271307306033, female(aalancpeterson)
neg, 0.9967271307306033, female(ageorgedzundza)
neg, 0.9595402577331802, female(aantoninobruschetta)
neg, 0.9309573683159563, female(amarcoleonardi)
neg, 0.9309573683159563, female(avannifois)
neg, 0.9999981939327496, female(aandreasschwaiger)
neg, 0.9967271307306033, female(agilbellows)
neg, 0.9967271307306033, female(aterenceharvey)
neg, 0.04468346994743661, female(asummereric)
neg, 0.9967271307306033, female(adeanstockwell)
neg, 0.9967271307306033, female(ajohnlithgow)
neg, 0.04468346994743661, female(azensmichael)
neg, 0.04468346994743661, female(aladogedominique)
neg, 0.9967271307306033, female(anicholaswoodeson)
neg, 0.9967271307306033, female(astanleyanderson)
neg, 0.9876743642913002, female(anikoladadov)
neg, 0.9876743642913002, female(aivantonev)
neg, 0.04468346994743661, female(aklischstefan)
neg, 0.9992324671978557, female(ahorstkummeth)
neg, 0.9967271307306033, female(astephentobolowsky)
neg, 0.04468346994743661, female(akappesstphane)
neg, 0.9772506727919367, female(aemilmarkov)
neg, 0.9935457367231283, female(asalvatorelazzaro)
neg, 0.04468346994743661, female(aaltmanroberti)
neg, 0.9967271307306033, female(awayneknight)
neg, 0.9876743642913002, female(alewissmith)
neg, 0.9967271307306033, female(ajohnfinn)
neg, 0.9876743642913002, female(aivandimov)
neg, 0.9992324671978557, female(agerdlohmeyer)
neg, 0.9967271307306033, female(adenzelwashington)
neg, 0.9876743642913002, female(aulrichmhe)
neg, 0.9876743642913002, female(aleonardlansink)
neg, 0.9967271307306033, female(aludwigbriand)
neg, 0.04468346994743661, female(agutjahrrainer)
neg, 0.04468346994743661, female(astephanbernhard)
neg, 0.9999954547980247, female(astoychomazgalov)
neg, 0.9967271307306033, female(abillyconnolly)
neg, 0.9595402577331802, female(amanliosgalambro)
neg, 0.9967271307306033, female(adillonmoen)
neg, 0.9772506727919367, female(alyubomirkanev)
neg, 0.9935457367231283, female(avincenzocrivello)
neg, 0.9876743642913002, female(adavidarnett)
neg, 0.9967271307306033, female(ajackmcgee)
neg, 0.9309573683159563, female(astefandanailov)
neg, 0.9935457367231283, female(afabiolobello)
neg, 0.9309573683159563, female(apetardespotov)
neg, 0.04468346994743661, female(ametcalfestephen)
neg, 0.04468346994743661, female(asurchadzhievstefani)
neg, 0.9967271307306033, female(aindiravarma)
neg, 0.9967271307306033, female(ajohnheard)
neg, 0.9967271307306033, female(alylelovett)
neg, 0.9876743642913002, female(agusmercurio)
neg, 0.9935457367231283, female(amarcospicuglia)
neg, 0.9992324671978557, female(amarkusbker)
neg, 0.9876743642913002, female(ahughkeaysbyrne)
neg, 0.9876743642913002, female(atzvetolyubrakovski)
neg, 0.9876743642913002, female(ajustinmonjo)

